{
  "analysis_date": "2026-01-19T12:49:05.154631",
  "method": "keyword_frequency_full_text",
  "documents": [
    {
      "filename": "1983_Machine Learning_An Artificial Intelligence Approach_Michalski_Carbonell_Mitchell.txt",
      "year": 1983,
      "word_count": 212947,
      "classification": {
        "supervised_learning": 3.991645393362729,
        "unsupervised_learning": 4.780691575771641,
        "neural_networks": 0.2088651659317707,
        "probabilistic_methods": 1.27639823624971,
        "reinforcement_learning": 1.9494082153631933,
        "optimization": 1.27639823624971,
        "learning_theory": 6.706892550475748,
        "feature_engineering": 8.493850081225341,
        "nlp": 4.618240891158042,
        "computer_vision": 3.040148526340218,
        "search_planning": 33.511255511719654,
        "knowledge_reasoning": 25.968902297516827,
        "robotics_agents": 2.6224181944766767,
        "foundations": 1.5548851241587376
      }
    },
    {
      "filename": "1986_Macine Learning_ An Artificial Intelligence Approach_Anderson_Carbonell_Mitchell.txt",
      "year": 1986,
      "word_count": 189713,
      "classification": {
        "supervised_learning": 5.995639534883721,
        "unsupervised_learning": 2.3255813953488373,
        "neural_networks": 0.2180232558139535,
        "probabilistic_methods": 1.3444767441860466,
        "reinforcement_learning": 2.0348837209302326,
        "optimization": 3.234011627906977,
        "learning_theory": 8.829941860465116,
        "feature_engineering": 10.86482558139535,
        "nlp": 5.2688953488372094,
        "computer_vision": 2.979651162790698,
        "search_planning": 27.252906976744185,
        "knowledge_reasoning": 25.436046511627907,
        "robotics_agents": 2.3255813953488373,
        "foundations": 1.88953488372093
      }
    },
    {
      "filename": "1995_Artificial Intelligence A Modern Approach_Russell_Norvig_ed1.txt",
      "year": 1995,
      "word_count": 428428,
      "classification": {
        "supervised_learning": 0.8275569387466403,
        "unsupervised_learning": 0.16975526948649033,
        "neural_networks": 2.001697552694865,
        "probabilistic_methods": 8.374593294666855,
        "reinforcement_learning": 8.798981468383081,
        "optimization": 1.7824303296081483,
        "learning_theory": 1.520724289149809,
        "feature_engineering": 3.5790069316735043,
        "nlp": 11.338237374451833,
        "computer_vision": 3.8407129721318434,
        "search_planning": 19.670391851747066,
        "knowledge_reasoning": 18.566982600084877,
        "robotics_agents": 17.25137926156458,
        "foundations": 2.277549865610412
      }
    },
    {
      "filename": "1997_Machine_Learning_Tom_Mitchell.txt",
      "year": 1997,
      "word_count": 173695,
      "classification": {
        "supervised_learning": 13.330314009661837,
        "unsupervised_learning": 0.24154589371980675,
        "neural_networks": 6.763285024154589,
        "probabilistic_methods": 14.945652173913043,
        "reinforcement_learning": 7.155797101449275,
        "optimization": 9.933574879227052,
        "learning_theory": 11.654589371980677,
        "feature_engineering": 5.540458937198068,
        "nlp": 1.373792270531401,
        "computer_vision": 1.947463768115942,
        "search_planning": 8.484299516908212,
        "knowledge_reasoning": 11.48852657004831,
        "robotics_agents": 4.302536231884058,
        "foundations": 2.8381642512077296
      }
    },
    {
      "filename": "2002_Artificial Intelligence_A Modern Approach_Russell_Norvig_ed2.txt",
      "year": 2002,
      "word_count": 37078,
      "classification": {
        "supervised_learning": 0.07980845969672785,
        "unsupervised_learning": 0.07980845969672785,
        "neural_networks": 1.1173184357541899,
        "probabilistic_methods": 3.4317637669592975,
        "reinforcement_learning": 12.769353551476456,
        "optimization": 1.675977653631285,
        "learning_theory": 0.5586592178770949,
        "feature_engineering": 1.675977653631285,
        "nlp": 6.384676775738228,
        "computer_vision": 2.793296089385475,
        "search_planning": 20.43096568236233,
        "knowledge_reasoning": 15.16360734237829,
        "robotics_agents": 33.04070231444533,
        "foundations": 0.7980845969672785
      }
    },
    {
      "filename": "2006_Bishop-Pattern-Recognition-and-Machine-Learning.txt",
      "year": 2006,
      "word_count": 288270,
      "classification": {
        "supervised_learning": 12.436131386861314,
        "unsupervised_learning": 3.4580291970802914,
        "neural_networks": 3.9781021897810223,
        "probabilistic_methods": 46.68795620437956,
        "reinforcement_learning": 0.5383211678832117,
        "optimization": 5.976277372262774,
        "learning_theory": 0.9032846715328468,
        "feature_engineering": 5.510948905109489,
        "nlp": 0.22810218978102187,
        "computer_vision": 2.591240875912409,
        "search_planning": 2.0346715328467155,
        "knowledge_reasoning": 2.5729927007299267,
        "robotics_agents": 0.2737226277372263,
        "foundations": 12.810218978102188
      }
    },
    {
      "filename": "2010_Artificial Intelligence A Modern Approach_Russell_Norvig_ed3.txt",
      "year": 2010,
      "word_count": 571550,
      "classification": {
        "supervised_learning": 3.1837286825450506,
        "unsupervised_learning": 0.4782839750712595,
        "neural_networks": 0.9807237064592492,
        "probabilistic_methods": 13.362964394415188,
        "reinforcement_learning": 10.580221266727861,
        "optimization": 3.6716749601430023,
        "learning_theory": 1.3720469587902797,
        "feature_engineering": 3.488091212135852,
        "nlp": 7.43514179428958,
        "computer_vision": 3.5025846659258906,
        "search_planning": 21.455142760519834,
        "knowledge_reasoning": 13.488574327262187,
        "robotics_agents": 14.198753562974057,
        "foundations": 2.8020677327407117
      }
    },
    {
      "filename": "2012_Machine Learning_ A Probabilistic Perspective_Murphy.txt",
      "year": 2012,
      "word_count": 408054,
      "classification": {
        "supervised_learning": 14.400359527478171,
        "unsupervised_learning": 5.039804827940421,
        "neural_networks": 1.8682588597842835,
        "probabilistic_methods": 40.279917822290706,
        "reinforcement_learning": 1.6178736517719567,
        "optimization": 8.01874678993323,
        "learning_theory": 0.5906522855675398,
        "feature_engineering": 5.3929121725731894,
        "nlp": 2.369029275808937,
        "computer_vision": 2.856959424756035,
        "search_planning": 2.8184386235233694,
        "knowledge_reasoning": 4.718798151001541,
        "robotics_agents": 0.7126348228043143,
        "foundations": 9.315613764766308
      }
    },
    {
      "filename": "2014_Artificial intelligence a modern approach_Norvig, PeterRussell, Stuart J.txt",
      "year": 2014,
      "word_count": 534338,
      "classification": {
        "supervised_learning": 3.0424420668323107,
        "unsupervised_learning": 0.45129557324679276,
        "neural_networks": 0.8721667258252624,
        "probabilistic_methods": 13.204198570052228,
        "reinforcement_learning": 10.52177881446174,
        "optimization": 3.6560012169768266,
        "learning_theory": 1.3183915622940012,
        "feature_engineering": 3.5292327975254807,
        "nlp": 7.950915267988439,
        "computer_vision": 3.407535114852188,
        "search_planning": 21.363014045940876,
        "knowledge_reasoning": 13.777191825972313,
        "robotics_agents": 14.147355610770246,
        "foundations": 2.7584808072612947
      }
    },
    {
      "filename": "2014_understanding-machine-learning-theory-algorithms.txt",
      "year": 2014,
      "word_count": 157697,
      "classification": {
        "supervised_learning": 11.702970297029704,