{
  "analysis_date": "2026-01-19T12:18:45.493092",
  "documents_analyzed": 11,
  "year_range": "1983-2022",
  "keyword_analysis": {
    "total_term_occurrences": 674,
    "unique_terms_found": 97,
    "top_terms_overall": {
      "probability": 1.2527592988324239,
      "gaussian": 0.8228625908366995,
      "inference": 0.7190860944505839,
      "bayesian": 0.6467144619793177,
      "machine learning": 0.509123808313452,
      "regression": 0.4701733760817146,
      "classification": 0.42364652899476096,
      "artificial intelligence": 0.4186927628857546,
      "probabilistic": 0.3827543904216032,
      "generalization": 0.371877420720886,
      "gradient": 0.36076308883267816,
      "markov": 0.3484718950788565,
      "feature": 0.3478251698846745,
      "kernel": 0.3145834872212638,
      "pca": 0.30823960042888027,
      "convex": 0.29505323488194546,
      "sampling": 0.26462796079179673,
      "neural networks": 0.25251385432717216,
      "training data": 0.2494585466172098,
      "clustering": 0.24481738238385925
    }
  },
  "tfidf_analysis": {
    "vocabulary_size": 5000,
    "top_tfidf_terms": [
      "00",
      "000 000",
      "02",
      "03",
      "04",
      "05",
      "06",
      "07",
      "08",
      "10 000",
      "10 10",
      "10 11",
      "100 000",
      "1001",
      "1003",
      "1006",
      "1007",
      "1008",
      "1009",
      "1010",
      "1011",
      "1012",
      "1013",
      "1014",
      "1018",
      "1020",
      "1021",
      "1022",
      "1024",
      "1025",
      "1028",
      "1029",
      "1030",
      "1034",
      "1035",
      "1036",
      "1037",
      "1038",
      "1039",
      "1040",
      "1041",
      "1042",
      "1043",
      "1044",
      "1045",
      "1046",
      "1047",
      "1048",
      "1049",
      "1050"
    ]
  },
  "topic_modeling": {
    "n_topics": 10,
    "topics": [
      {
        "topic_id": 0,
        "words": [
          "jair",
          "equilibria",
          "nonuniform",
          "partitioned",
          "rd",
          "observability",
          "crossover",
          "r1",
          "1998",
          "xm",
          "2m",
          "http",
          "exponent",
          "ne",
          "thrun"
        ],
        "weights": [
          0.10000000024225829,
          0.1000000001972015,
          0.10000000018231914,
          0.10000000012943402,
          0.10000000012871602,
          0.10000000012864849,
          0.10000000010558918,
          0.10000000009511409,
          0.10000000009389169,
          0.10000000009241582,
          0.10000000009194732,
          0.10000000008914563,
          0.10000000008696648,
          0.10000000008188487,
          0.10000000007628698
        ]
      },
      {
        "topic_id": 1,
        "words": [
          "num",
          "descriptions",
          "michalski",
          "vol",
          "attribute",
          "acquisition",
          "attributes",
          "predicate",
          "mitchell",
          "bacon",
          "eds",
          "descriptors",
          "cards",
          "trick",
          "tl"
        ],
        "weights": [
          295.0433668695698,
          287.47492427001373,
          249.15328158081886,
          244.69245070880152,
          223.05014661606967,
          192.25048656821957,
          190.63546327587903,
          172.71093002107978,
          157.6055576963534,
          150.01630760398473,
          144.75822392926707,
          134.69874899656193,
          122.91779381123716,
          118.10000106835588,
          117.9201899657977
        ]
      },
      {
        "topic_id": 2,
        "words": [
          "ld",
          "convex",
          "lemma",
          "pac",
          "ls",
          "vc",
          "vt",
          "rd",
          "erm",
          "descent",
          "yi",
          "learnability",
          "predictor",
          "dm",
          "min"
        ],
        "weights": [
          325.10000415455613,
          294.78050909496795,
          269.8921708778145,
          268.00612869466494,
          230.1000040164785,
          213.4713243053734,
          210.10000380111376,
          200.1000168575565,
          200.10000045904627,
          176.4889955064588,
          172.27502099715213,
          161.9305030154707,
          143.94010038847316,
          137.9923726731737,
          124.77643380591323
        ]
      },
      {
        "topic_id": 3,
        "words": [
          "agent",
          "planning",
          "policy",
          "agents",
          "bayesian",
          "xt",
          "player",
          "sentences",
          "bayes",
          "reward",
          "1036",
          "sensor",
          "markov",
          "players",
          "1053"
        ],
        "weights": [
          1436.8437660005839,
          589.4981397986,
          430.25877877148054,
          415.6249960778404,
          374.9269431627182,
          258.80749586207276,
          253.4994257545769,
          251.80536866378787,
          242.10753137510548,
          210.30170549666428,
          205.1526967340002,
          201.12508824861203,
          200.61022509207797,
          197.54940951584757,
          190.52552468657046
        ]
      },
      {
        "topic_id": 4,
        "words": [
          "jair",
          "equilibria",
          "nonuniform",
          "partitioned",
          "rd",
          "observability",
          "crossover",
          "r1",
          "1998",
          "xm",
          "2m",
          "http",
          "exponent",
          "ne",
          "thrun"
        ],
        "weights": [
          0.10000000024225829,
          0.1000000001972015,
          0.10000000018231914,
          0.10000000012943402,
          0.10000000012871602,
          0.10000000012864849,
          0.10000000010558918,
          0.10000000009511409,
          0.10000000009389169,
          0.10000000009241582,
          0.10000000009194732,
          0.10000000008914563,
          0.10000000008696648,
          0.10000000008188487,
          0.10000000007628698
        ]
      },
      {
        "topic_id": 5,
        "words": [
          "ofthe",
          "michalski",
          "vol",
          "ofa",
          "mitchell",
          "descriptions",
          "eds",
          "carbonell",
          "schema",
          "acquisition",
          "attributes",
          "cos",
          "calif",
          "card",
          "1984"
        ],
        "weights": [
          1121.0306022445682,
          320.82675932016707,
          255.1624679606346,
          208.10000059177662,
          182.7286691859401,
          175.11206778178823,
          174.56633395359123,
          162.91900254324656,
          151.50962519164466,
          129.66406976359562,
          121.86916325243989,
          119.54845102051304,
          115.09986991367758,
          111.45034606817671,
          107.12161639251515
        ]
      },
      {
        "topic_id": 6,
        "words": [
          "agent",
          "planning",
          "agents",
          "bayesian",
          "sentences",
          "policy",
          "xt",
          "query",
          "clauses",
          "propositional",
          "clause",
          "player",
          "sensor",
          "2001",
          "observable"
        ],
        "weights": [
          3189.5636500398737,
          1413.3730524617129,
          821.5842802927258,
          763.8547928166627,
          680.1250911869555,
          649.2392304040109,
          574.7721815464838,
          454.26131926108667,
          448.4518824708819,
          432.969043614816,
          406.0638532843239,
          405.66931630549914,
          386.6578174522326,
          374.3798255781594,
          362.89660980266757
        ]
      },
      {
        "topic_id": 7,