{
  "analysis_date": "2026-01-19T12:54:39.125288",
  "era_analysis": {
    "era_averages": {
      "early": {
        "supervised_learning": 20.89636822763646,
        "unsupervised_learning": 7.02004300922079,
        "neural_networks_deep_learning": 2.2802635895386034,
        "probabilistic_graphical_models": 1.5105012938556899,
        "bayesian_inference": 2.9305921582695844,
        "reinforcement_learning": 3.3775396914902482,
        "optimization_methods": 0.9907822797733182,
        "statistical_learning_theory": 2.7159422473930293,
        "kernel_methods": 0.4785341937044723,
        "natural_language_processing": 15.212324841797141,
        "computer_vision": 2.193652547456729,
        "symbolic_ai_logic": 14.977468988637751,
        "search_algorithms": 9.802520769198372,
        "planning_decision_making": 15.413411099564504,
        "ensemble_methods": 0.2000550624633053
      },
      "middle": {
        "supervised_learning": 13.587320948355462,
        "unsupervised_learning": 4.3484543756212775,
        "neural_networks_deep_learning": 7.052578599087545,
        "probabilistic_graphical_models": 5.626343143273889,
        "bayesian_inference": 13.140535521243965,
        "reinforcement_learning": 6.253908031106723,
        "optimization_methods": 5.9822419540199325,
        "statistical_learning_theory": 5.934594681947118,
        "kernel_methods": 3.3042403325171654,
        "natural_language_processing": 7.186513151256032,
        "computer_vision": 1.5114225156148484,
        "symbolic_ai_logic": 7.117783922349695,
        "search_algorithms": 4.551398079923617,
        "planning_decision_making": 13.801648887733156,
        "ensemble_methods": 0.601015855949574
      },
      "recent": {
        "supervised_learning": 16.512990497627523,
        "unsupervised_learning": 5.963367894366865,
        "neural_networks_deep_learning": 5.412589576155957,
        "probabilistic_graphical_models": 4.4121229995604345,
        "bayesian_inference": 13.808659747624679,
        "reinforcement_learning": 6.070786520763595,
        "optimization_methods": 8.977306077712292,
        "statistical_learning_theory": 6.456389075250329,
        "kernel_methods": 4.349814518797688,
        "natural_language_processing": 4.728732189848699,
        "computer_vision": 1.7982337939148763,
        "symbolic_ai_logic": 4.573857989258519,
        "search_algorithms": 4.5754262205965315,
        "planning_decision_making": 10.058706732613775,
        "ensemble_methods": 2.30101616590824
      }
    },
    "shifts": {
      "early_to_middle": {
        "supervised_learning": -7.309047279281,
        "unsupervised_learning": -2.6715886335995123,
        "neural_networks_deep_learning": 4.772315009548942,
        "probabilistic_graphical_models": 4.115841849418199,
        "bayesian_inference": 10.20994336297438,
        "reinforcement_learning": 2.876368339616475,
        "optimization_methods": 4.991459674246614,
        "statistical_learning_theory": 3.218652434554089,
        "kernel_methods": 2.825706138812693,
        "natural_language_processing": -8.025811690541108,
        "computer_vision": -0.6822300318418806,
        "symbolic_ai_logic": -7.859685066288057,
        "search_algorithms": -5.251122689274755,
        "planning_decision_making": -1.6117622118313477,
        "ensemble_methods": 0.4009607934862687
      },
      "middle_to_recent": {
        "supervised_learning": 2.9256695492720617,
        "unsupervised_learning": 1.6149135187455874,
        "neural_networks_deep_learning": -1.639989022931588,
        "probabilistic_graphical_models": -1.2142201437134545,
        "bayesian_inference": 0.6681242263807139,
        "reinforcement_learning": -0.1831215103431285,
        "optimization_methods": 2.9950641236923596,
        "statistical_learning_theory": 0.5217943933032112,
        "kernel_methods": 1.0455741862805223,
        "natural_language_processing": -2.457780961407333,
        "computer_vision": 0.28681127830002784,
        "symbolic_ai_logic": -2.5439259330911757,
        "search_algorithms": 0.02402814067291459,
        "planning_decision_making": -3.7429421551193816,
        "ensemble_methods": 1.7000003099586662
      },
      "early_to_recent": {
        "supervised_learning": -4.383377730008938,
        "unsupervised_learning": -1.0566751148539248,
        "neural_networks_deep_learning": 3.132325986617354,
        "probabilistic_graphical_models": 2.901621705704745,
        "bayesian_inference": 10.878067589355094,
        "reinforcement_learning": 2.6932468292733467,
        "optimization_methods": 7.986523797938974,
        "statistical_learning_theory": 3.7404468278573,
        "kernel_methods": 3.8712803250932155,
        "natural_language_processing": -10.483592651948442,
        "computer_vision": -0.39541875354185274,
        "symbolic_ai_logic": -10.403610999379232,
        "search_algorithms": -5.2270945486018405,
        "planning_decision_making": -5.354704366950729,
        "ensemble_methods": 2.100961103444935
      }
    },
    "era_definitions": {
      "early": {
        "start": 1983,
        "end": 1995,
        "name": "Symbolic AI Era"
      },
      "middle": {
        "start": 1996,
        "end": 2010,
        "name": "Statistical ML Era"
      },
      "recent": {
        "start": 2011,
        "end": 2022,
        "name": "Deep Learning Era"
      }
    }
  },
  "inflection_points": [
    {
      "year": "1995",
      "term": "neural network",
      "change_ratio": 13.948573622639078,
      "direction": "increase"
    },
    {
      "year": "1995",
      "term": "machine learning",
      "change_ratio": 0.1818167906241187,
      "direction": "decrease"
    },
    {
      "year": "1997",
      "term": "neural network",
      "change_ratio": 4.110922402295212,
      "direction": "increase"
    },
    {
      "year": "1997",
      "term": "bayesian",
      "change_ratio": 6.146165952283988,
      "direction": "increase"
    },
    {
      "year": "1997",
      "term": "reinforcement learning",
      "change_ratio": 2.292852494801273,
      "direction": "increase"
    },
    {
      "year": "1997",
      "term": "machine learning",
      "change_ratio": 8.990985125019849,
      "direction": "increase"
    },
    {
      "year": 1997,
      "event": "Deep Blue defeats Kasparov",
      "type": "historical_milestone"
    },
    {
      "year": "2002",
      "term": "neural network",
      "change_ratio": 0.1784603371528232,
      "direction": "decrease"
    },
    {
      "year": "2002",
      "term": "bayesian",
      "change_ratio": 0.12327852237530551,
      "direction": "decrease"
    },
    {
      "year": "2002",
      "term": "reinforcement learning",
      "change_ratio": 0.3548927159289099,
      "direction": "decrease"
    },
    {
      "year": "2002",
      "term": "machine learning",
      "change_ratio": 0.08291298850020548,
      "direction": "decrease"
    },
    {
      "year": "2006",
      "term": "neural network",
      "change_ratio": 2.0901151698060842,
      "direction": "increase"
    },
    {
      "year": "2006",
      "term": "bayesian",
      "change_ratio": 10.193330905054292,
      "direction": "increase"
    },
    {
      "year": "2006",
      "term": "reinforcement learning",
      "change_ratio": 0.07717348319283951,
      "direction": "decrease"
    },
    {
      "year": 2006,
      "event": "Deep Learning renaissance (Hinton et al.)",
      "type": "historical_milestone"
    },
    {
      "year": "2010",
      "term": "neural network",
      "change_ratio": 0.3181381264173672,
      "direction": "decrease"
    },
    {
      "year": "2010",
      "term": "reinforcement learning",
      "change_ratio": 20.678978217129,
      "direction": "increase"
    },
    {
      "year": "2012",
      "term": "bayesian",
      "change_ratio": 2.090397535026187,
      "direction": "increase"
    },
    {
      "year": "2012",
      "term": "reinforcement learning",